id,first_name,last_name,email,Username
1,Doris,Day,dday0@icq.com,Doris_Day
2,Eugene,Ryan,eryan1@miibeian.gov.cn,Eugene_Ryan
3,Henry,Perez,hperez2@google.ru,Henry_Perez
4,Nicole,Hill,nhill3@google.it,Nicole_Hill
5,Andrea,Alvarez,aalvarez4@indiegogo.com,Andrea_Alvarez
6,Jean,Knight,jknight5@meetup.com,Jean_Knight
7,Patricia,Rogers,progers6@marriott.com,Patricia_Rogers
8,Brenda,Bailey,bbailey7@ask.com,Brenda_Bailey
9,Ronald,Stewart,rstewart8@berkeley.edu,Ronald_Stewart
10,Kathy,Weaver,kweaver9@utexas.edu,Kathy_Weaver
11,Emily,Ward,ewarda@dyndns.org,Emily_Ward
12,Daniel,Castillo,dcastillob@shutterfly.com,Daniel_Castillo
13,Matthew,Stanley,mstanleyc@wikimedia.org,Matthew_Stanley
14,Mildred,Crawford,mcrawfordd@cyberchimps.com,Mildred_Crawford
15,Rachel,Simpson,rsimpsone@google.pl,Rachel_Simpson
16,Kevin,Wood,kwoodf@intel.com,Kevin_Wood
17,Carol,Martin,cmarting@cdc.gov,Carol_Martin
18,Bonnie,Watkins,bwatkinsh@addtoany.com,Bonnie_Watkins
19,Howard,Warren,hwarreni@github.com,Howard_Warren
20,Aaron,Henderson,ahendersonj@who.int,Aaron_Henderson
21,Earl,Bell,ebellk@ebay.com,Earl_Bell
22,Kathryn,Morris,kmorrisl@google.ca,Kathryn_Morris
23,Jason,Edwards,jedwardsm@freewebs.com,Jason_Edwards
24,Janice,Mcdonald,jmcdonaldn@columbia.edu,Janice_Mcdonald
25,Howard,Taylor,htayloro@i2i.jp,Howard_Taylor
26,Rebecca,Hamilton,rhamiltonp@ebay.co.uk,Rebecca_Hamilton
27,Walter,Carr,wcarrq@diigo.com,Walter_Carr
28,Emily,Bennett,ebennettr@techcrunch.com,Emily_Bennett
29,Matthew,Ray,mrays@mediafire.com,Matthew_Ray
30,Bruce,Day,bdayt@amazonaws.com,Bruce_Day
31,Sandra,Owens,sowensu@cocolog-nifty.com,Sandra_Owens
32,Ruby,Gutierrez,rgutierrezv@ftc.gov,Ruby_Gutierrez
33,Justin,Watkins,jwatkinsw@ihg.com,Justin_Watkins
34,Thomas,Fields,tfieldsx@discovery.com,Thomas_Fields
35,Frances,Rose,frosey@i2i.jp,Frances_Rose
36,Jacqueline,Allen,jallenz@engadget.com,Jacqueline_Allen
37,Deborah,Rogers,drogers10@barnesandnoble.com,Deborah_Rogers
38,Aaron,George,ageorge11@hc360.com,Aaron_George
39,Doris,Rivera,drivera12@edublogs.org,Doris_Rivera
40,Mary,Smith,msmith13@mit.edu,Mary_Smith
41,Richard,Morales,rmorales14@github.io,Richard_Morales
42,Evelyn,Hunt,ehunt15@free.fr,Evelyn_Hunt
43,Nancy,Lopez,nlopez16@discovery.com,Nancy_Lopez
44,Stephen,Ramirez,sramirez17@flickr.com,Stephen_Ramirez
45,Martin,Gardner,mgardner18@usatoday.com,Martin_Gardner
46,Diana,Hayes,dhayes19@earthlink.net,Diana_Hayes
47,Janice,Perry,jperry1a@ovh.net,Janice_Perry
48,David,Kelly,dkelly1b@aol.com,David_Kelly
49,Pamela,Webb,pwebb1c@ifeng.com,Pamela_Webb
50,Heather,Bell,hbell1d@samsung.com,Heather_Bell
51,Jean,Alvarez,jalvarez1e@youtube.com,Jean_Alvarez
52,Diana,Snyder,dsnyder1f@about.com,Diana_Snyder
53,Ruby,Payne,rpayne1g@admin.ch,Ruby_Payne
54,Amy,Medina,amedina1h@bbb.org,Amy_Medina
55,Ralph,Arnold,rarnold1i@booking.com,Ralph_Arnold
56,Charles,Turner,cturner1j@phpbb.com,Charles_Turner
57,Billy,Ellis,bellis1k@sbwire.com,Billy_Ellis
58,Sandra,Kim,skim1l@scientificamerican.com,Sandra_Kim
59,Rebecca,Nichols,rnichols1m@umn.edu,Rebecca_Nichols
60,Debra,Scott,dscott1n@stumbleupon.com,Debra_Scott
61,Michael,Romero,mromero1o@tiny.cc,Michael_Romero
62,Victor,Sims,vsims1p@upenn.edu,Victor_Sims
63,Ronald,Reyes,rreyes1q@nbcnews.com,Ronald_Reyes
64,Timothy,Bradley,tbradley1r@goo.ne.jp,Timothy_Bradley
65,Mildred,Bowman,mbowman1s@blinklist.com,Mildred_Bowman
66,Phillip,Bailey,pbailey1t@deviantart.com,Phillip_Bailey
67,Eric,Watkins,ewatkins1u@newyorker.com,Eric_Watkins
68,Kenneth,Palmer,kpalmer1v@telegraph.co.uk,Kenneth_Palmer
69,Bobby,Howard,bhoward1w@netscape.com,Bobby_Howard
70,Adam,Ray,aray1x@yandex.ru,Adam_Ray
71,Joan,Henderson,jhenderson1y@hibu.com,Joan_Henderson
72,Mary,Gordon,mgordon1z@uiuc.edu,Mary_Gordon
73,Mildred,Edwards,medwards20@livejournal.com,Mildred_Edwards
74,Craig,Garcia,cgarcia21@issuu.com,Craig_Garcia
75,Larry,Hunter,lhunter22@mapy.cz,Larry_Hunter
76,Annie,Owens,aowens23@washington.edu,Annie_Owens
77,Debra,West,dwest24@creativecommons.org,Debra_West
78,Frank,Davis,fdavis25@domainmarket.com,Frank_Davis
79,Jane,Hicks,jhicks26@ihg.com,Jane_Hicks
80,Marilyn,Hernandez,mhernandez27@gov.uk,Marilyn_Hernandez
81,Ruby,Lewis,rlewis28@unesco.org,Ruby_Lewis
82,Beverly,Lewis,blewis29@hostgator.com,Beverly_Lewis
83,Aaron,Warren,awarren2a@cargocollective.com,Aaron_Warren
84,Timothy,Hall,thall2b@hc360.com,Timothy_Hall
85,Eric,Duncan,eduncan2c@goodreads.com,Eric_Duncan
86,Maria,Berry,mberry2d@cargocollective.com,Maria_Berry
87,Virginia,Reid,vreid2e@reddit.com,Virginia_Reid
88,Tina,Arnold,tarnold2f@de.vu,Tina_Arnold
89,Janice,Campbell,jcampbell2g@flavors.me,Janice_Campbell
90,Douglas,Burns,dburns2h@mlb.com,Douglas_Burns
91,Fred,Wells,fwells2i@bandcamp.com,Fred_Wells
92,Andrea,Duncan,aduncan2j@qq.com,Andrea_Duncan
93,Kathryn,Graham,kgraham2k@twitter.com,Kathryn_Graham
94,Steven,Richardson,srichardson2l@columbia.edu,Steven_Richardson
95,Timothy,Payne,tpayne2m@java.com,Timothy_Payne
96,Carol,Burns,cburns2n@scribd.com,Carol_Burns
97,Christine,Banks,cbanks2o@networksolutions.com,Christine_Banks
98,Paula,Simpson,psimpson2p@msu.edu,Paula_Simpson
99,Benjamin,Allen,ballen2q@amazonaws.com,Benjamin_Allen
100,Phyllis,Larson,plarson2r@goodreads.com,Phyllis_Larson
101,Ruth,Harrison,rharrison2s@imageshack.us,Ruth_Harrison
102,Nicole,Fox,nfox2t@weather.com,Nicole_Fox
103,Christine,Bishop,cbishop2u@cafepress.com,Christine_Bishop
104,Amy,Kelly,akelly2v@cdbaby.com,Amy_Kelly
105,Tammy,Banks,tbanks2w@amazon.co.uk,Tammy_Banks
106,Helen,Stone,hstone2x@theglobeandmail.com,Helen_Stone
107,Shirley,Hanson,shanson2y@desdev.cn,Shirley_Hanson
108,Jack,Mcdonald,jmcdonald2z@newsvine.com,Jack_Mcdonald
109,Roger,Lynch,rlynch30@goo.gl,Roger_Lynch
110,Stephen,Payne,spayne31@ameblo.jp,Stephen_Payne
111,Billy,Jones,bjones32@un.org,Billy_Jones
112,Martin,Smith,msmith33@ebay.co.uk,Martin_Smith
113,Donna,Reynolds,dreynolds34@issuu.com,Donna_Reynolds
114,Christina,Hughes,chughes35@chicagotribune.com,Christina_Hughes
115,Rachel,Clark,rclark36@google.co.jp,Rachel_Clark
116,Adam,Cole,acole37@irs.gov,Adam_Cole
117,Debra,Cole,dcole38@vk.com,Debra_Cole
118,Jonathan,Lane,jlane39@cdc.gov,Jonathan_Lane
119,Steve,Lopez,slopez3a@webs.com,Steve_Lopez
120,Bruce,Sanders,bsanders3b@slideshare.net,Bruce_Sanders
121,Janet,Stone,jstone3c@1688.com,Janet_Stone
122,Kelly,Coleman,kcoleman3d@microsoft.com,Kelly_Coleman
123,Raymond,Ramos,rramos3e@merriam-webster.com,Raymond_Ramos
124,Martha,Johnson,mjohnson3f@deliciousdays.com,Martha_Johnson
125,Kelly,Rogers,krogers3g@admin.ch,Kelly_Rogers
126,Irene,Graham,igraham3h@de.vu,Irene_Graham
127,Jerry,Ray,jray3i@delicious.com,Jerry_Ray
128,Laura,Boyd,lboyd3j@chron.com,Laura_Boyd
129,Clarence,Watson,cwatson3k@yolasite.com,Clarence_Watson
130,Harry,Anderson,handerson3l@europa.eu,Harry_Anderson
131,Amy,Dixon,adixon3m@tiny.cc,Amy_Dixon
132,Pamela,Rivera,privera3n@squidoo.com,Pamela_Rivera
133,Arthur,Montgomery,amontgomery3o@ebay.co.uk,Arthur_Montgomery
134,William,Johnson,wjohnson3p@gravatar.com,William_Johnson
135,Theresa,Reid,treid3q@quantcast.com,Theresa_Reid
136,Jerry,Olson,jolson3r@themeforest.net,Jerry_Olson
137,Jerry,Hayes,jhayes3s@time.com,Jerry_Hayes
138,Bonnie,Miller,bmiller3t@earthlink.net,Bonnie_Miller
139,Susan,Gonzales,sgonzales3u@vinaora.com,Susan_Gonzales
140,Debra,Mills,dmills3v@sakura.ne.jp,Debra_Mills
141,Gerald,Price,gprice3w@examiner.com,Gerald_Price
142,Terry,Murphy,tmurphy3x@huffingtonpost.com,Terry_Murphy
143,Ashley,Kelley,akelley3y@xinhuanet.com,Ashley_Kelley
144,Joe,Armstrong,jarmstrong3z@pcworld.com,Joe_Armstrong
145,Samuel,Reyes,sreyes40@slideshare.net,Samuel_Reyes
146,Lisa,Fisher,lfisher41@deviantart.com,Lisa_Fisher
147,Phyllis,Cruz,pcruz42@msn.com,Phyllis_Cruz
148,Joyce,Robinson,jrobinson43@liveinternet.ru,Joyce_Robinson
149,Denise,Schmidt,dschmidt44@vinaora.com,Denise_Schmidt
150,Lisa,Ortiz,lortiz45@pcworld.com,Lisa_Ortiz
151,Ryan,Torres,rtorres46@deviantart.com,Ryan_Torres
152,Janice,Robinson,jrobinson47@google.es,Janice_Robinson
153,Victor,Nelson,vnelson48@google.it,Victor_Nelson
154,Steve,King,sking49@bizjournals.com,Steve_King
155,Steve,Morrison,smorrison4a@simplemachines.org,Steve_Morrison
156,Debra,Nichols,dnichols4b@canalblog.com,Debra_Nichols
157,Bonnie,Weaver,bweaver4c@arizona.edu,Bonnie_Weaver
158,Louise,Russell,lrussell4d@youtu.be,Louise_Russell
159,Todd,Clark,tclark4e@springer.com,Todd_Clark
160,Sharon,Ward,sward4f@ycombinator.com,Sharon_Ward
161,Virginia,Gutierrez,vgutierrez4g@cpanel.net,Virginia_Gutierrez
162,Kevin,Elliott,kelliott4h@gov.uk,Kevin_Elliott
163,Terry,Crawford,tcrawford4i@chronoengine.com,Terry_Crawford
164,Gloria,Martin,gmartin4j@patch.com,Gloria_Martin
165,Dennis,Ross,dross4k@wikispaces.com,Dennis_Ross
166,Lois,Nichols,lnichols4l@symantec.com,Lois_Nichols
167,Adam,Reyes,areyes4m@themeforest.net,Adam_Reyes
168,Donald,Stone,dstone4n@spotify.com,Donald_Stone
169,Norma,Torres,ntorres4o@yolasite.com,Norma_Torres
170,Lois,Richards,lrichards4p@imgur.com,Lois_Richards
171,Linda,Lawrence,llawrence4q@google.fr,Linda_Lawrence
172,Jessica,Hudson,jhudson4r@dagondesign.com,Jessica_Hudson
173,Justin,Fernandez,jfernandez4s@4shared.com,Justin_Fernandez
174,Chris,James,cjames4t@wufoo.com,Chris_James
175,Eugene,Thompson,ethompson4u@google.ru,Eugene_Thompson
176,Todd,Nguyen,tnguyen4v@diigo.com,Todd_Nguyen
177,Carolyn,Morgan,cmorgan4w@issuu.com,Carolyn_Morgan
178,Matthew,Nelson,mnelson4x@g.co,Matthew_Nelson
179,Michael,Garcia,mgarcia4y@time.com,Michael_Garcia
180,Angela,Cruz,acruz4z@timesonline.co.uk,Angela_Cruz
181,Willie,Wallace,wwallace50@amazon.de,Willie_Wallace
182,Joseph,Brooks,jbrooks51@sohu.com,Joseph_Brooks
183,Frances,Webb,fwebb52@msn.com,Frances_Webb
184,Kimberly,Williams,kwilliams53@google.co.uk,Kimberly_Williams
185,John,Hicks,jhicks54@omniture.com,John_Hicks
186,Bruce,Nelson,bnelson55@canalblog.com,Bruce_Nelson
187,Alan,Jordan,ajordan56@cpanel.net,Alan_Jordan
188,Jennifer,Armstrong,jarmstrong57@microsoft.com,Jennifer_Armstrong
189,Joan,Murray,jmurray58@angelfire.com,Joan_Murray
190,Gary,Patterson,gpatterson59@eepurl.com,Gary_Patterson
191,Julia,Alexander,jalexander5a@topsy.com,Julia_Alexander
192,Bonnie,Welch,bwelch5b@usda.gov,Bonnie_Welch
193,Catherine,Price,cprice5c@a8.net,Catherine_Price
194,Kathryn,Franklin,kfranklin5d@artisteer.com,Kathryn_Franklin
195,Janice,Arnold,jarnold5e@quantcast.com,Janice_Arnold
196,Phyllis,Ortiz,portiz5f@hud.gov,Phyllis_Ortiz
197,Ryan,Garcia,rgarcia5g@netscape.com,Ryan_Garcia
198,Betty,Harris,bharris5h@fda.gov,Betty_Harris
199,Louise,Cox,lcox5i@time.com,Louise_Cox
200,Terry,Bell,tbell5j@arstechnica.com,Terry_Bell
201,Jimmy,Edwards,jedwards5k@topsy.com,Jimmy_Edwards
202,Stephanie,Cooper,scooper5l@miibeian.gov.cn,Stephanie_Cooper
203,Terry,Sullivan,tsullivan5m@sakura.ne.jp,Terry_Sullivan
204,Bobby,Ferguson,bferguson5n@studiopress.com,Bobby_Ferguson
205,Robin,Lee,rlee5o@networksolutions.com,Robin_Lee
206,Jeffrey,Green,jgreen5p@pinterest.com,Jeffrey_Green
207,Diana,Reynolds,dreynolds5q@shop-pro.jp,Diana_Reynolds
208,Mark,Greene,mgreene5r@slashdot.org,Mark_Greene
209,Bonnie,Murray,bmurray5s@theglobeandmail.com,Bonnie_Murray
210,Diana,Ray,dray5t@yelp.com,Diana_Ray
211,William,Rogers,wrogers5u@delicious.com,William_Rogers
212,Marilyn,Weaver,mweaver5v@weather.com,Marilyn_Weaver
213,Laura,Stone,lstone5w@mlb.com,Laura_Stone
214,Ruby,Mills,rmills5x@e-recht24.de,Ruby_Mills
215,Phillip,Lawrence,plawrence5y@washington.edu,Phillip_Lawrence
216,Kevin,Cox,kcox5z@moonfruit.com,Kevin_Cox
217,Louis,Martin,lmartin60@slashdot.org,Louis_Martin
218,Donald,Mills,dmills61@google.it,Donald_Mills
219,Jesse,Hayes,jhayes62@cafepress.com,Jesse_Hayes
220,Helen,Chapman,hchapman63@howstuffworks.com,Helen_Chapman
221,Rebecca,Hawkins,rhawkins64@bloomberg.com,Rebecca_Hawkins
222,Steve,Owens,sowens65@census.gov,Steve_Owens
223,Antonio,Roberts,aroberts66@github.com,Antonio_Roberts
224,Joe,Mccoy,jmccoy67@arizona.edu,Joe_Mccoy
225,Ann,Peterson,apeterson68@yahoo.com,Ann_Peterson
226,Melissa,Bishop,mbishop69@who.int,Melissa_Bishop
227,Andrew,Thompson,athompson6a@paypal.com,Andrew_Thompson
228,Nicholas,Carpenter,ncarpenter6b@tmall.com,Nicholas_Carpenter
229,Kathy,Ramirez,kramirez6c@yolasite.com,Kathy_Ramirez
230,Arthur,Thomas,athomas6d@wired.com,Arthur_Thomas
231,Ruby,Stone,rstone6e@amazonaws.com,Ruby_Stone
232,Brandon,Rice,brice6f@icio.us,Brandon_Rice
233,Jeremy,Richardson,jrichardson6g@tripod.com,Jeremy_Richardson
234,Julie,Wood,jwood6h@google.nl,Julie_Wood
235,Keith,Hayes,khayes6i@xinhuanet.com,Keith_Hayes
236,Alice,Gardner,agardner6j@sbwire.com,Alice_Gardner
237,Julia,Gibson,jgibson6k@ftc.gov,Julia_Gibson
238,Steven,Marshall,smarshall6l@tuttocitta.it,Steven_Marshall
239,Justin,Hawkins,jhawkins6m@liveinternet.ru,Justin_Hawkins
240,Gloria,Stanley,gstanley6n@umich.edu,Gloria_Stanley
241,Sara,Henderson,shenderson6o@economist.com,Sara_Henderson
242,Debra,Castillo,dcastillo6p@msn.com,Debra_Castillo
243,Kathryn,Brooks,kbrooks6q@wunderground.com,Kathryn_Brooks
244,Joan,Taylor,jtaylor6r@yahoo.co.jp,Joan_Taylor
245,Jacqueline,Fernandez,jfernandez6s@vkontakte.ru,Jacqueline_Fernandez
246,Jessica,Dixon,jdixon6t@guardian.co.uk,Jessica_Dixon
247,Rachel,White,rwhite6u@jiathis.com,Rachel_White
248,Teresa,Rogers,trogers6v@alibaba.com,Teresa_Rogers
249,Jack,Gomez,jgomez6w@paypal.com,Jack_Gomez
250,William,Chavez,wchavez6x@earthlink.net,William_Chavez
251,Shirley,Mills,smills6y@nasa.gov,Shirley_Mills
252,Janet,Riley,jriley6z@goodreads.com,Janet_Riley
253,Mildred,Edwards,medwards70@irs.gov,Mildred_Edwards
254,Martin,Wright,mwright71@sciencedirect.com,Martin_Wright
255,Sandra,Mcdonald,smcdonald72@networksolutions.com,Sandra_Mcdonald
256,Diana,Jones,djones73@wufoo.com,Diana_Jones
257,Carl,Chapman,cchapman74@webmd.com,Carl_Chapman
258,Jennifer,James,jjames75@archive.org,Jennifer_James
259,Phyllis,Rodriguez,prodriguez76@accuweather.com,Phyllis_Rodriguez
260,Kelly,Flores,kflores77@ihg.com,Kelly_Flores
261,Anne,Ray,aray78@cmu.edu,Anne_Ray
262,Christina,Ellis,cellis79@google.fr,Christina_Ellis
263,Deborah,Wright,dwright7a@nasa.gov,Deborah_Wright
264,Alan,Mccoy,amccoy7b@fda.gov,Alan_Mccoy
265,Jesse,Gomez,jgomez7c@miibeian.gov.cn,Jesse_Gomez
266,Nicholas,Chavez,nchavez7d@google.pl,Nicholas_Chavez
267,Heather,Romero,hromero7e@earthlink.net,Heather_Romero
268,Kevin,Reed,kreed7f@salon.com,Kevin_Reed
269,Sarah,West,swest7g@about.me,Sarah_West
270,Ann,Rogers,arogers7h@quantcast.com,Ann_Rogers
271,Karen,Harper,kharper7i@samsung.com,Karen_Harper
272,Lisa,Murphy,lmurphy7j@mtv.com,Lisa_Murphy
273,Teresa,Rice,trice7k@disqus.com,Teresa_Rice
274,Mildred,Bailey,mbailey7l@gravatar.com,Mildred_Bailey
275,John,Little,jlittle7m@census.gov,John_Little
276,Andrew,Howell,ahowell7n@redcross.org,Andrew_Howell
277,Diane,Dixon,ddixon7o@bloglovin.com,Diane_Dixon
278,Steve,Carroll,scarroll7p@jimdo.com,Steve_Carroll
279,Harry,Carroll,hcarroll7q@google.ca,Harry_Carroll
280,Angela,Lopez,alopez7r@51.la,Angela_Lopez
281,Mary,Ferguson,mferguson7s@wisc.edu,Mary_Ferguson
282,Karen,Cole,kcole7t@shinystat.com,Karen_Cole
283,Eugene,Gardner,egardner7u@msu.edu,Eugene_Gardner
284,Kenneth,Arnold,karnold7v@archive.org,Kenneth_Arnold
285,Michelle,Hanson,mhanson7w@google.de,Michelle_Hanson
286,Kevin,Kelley,kkelley7x@springer.com,Kevin_Kelley
287,Harold,Garrett,hgarrett7y@stanford.edu,Harold_Garrett
288,Jason,Reyes,jreyes7z@desdev.cn,Jason_Reyes
289,Margaret,Torres,mtorres80@tuttocitta.it,Margaret_Torres
290,Emily,Morrison,emorrison81@ycombinator.com,Emily_Morrison
291,Mildred,Carr,mcarr82@wix.com,Mildred_Carr
292,Frank,Reid,freid83@java.com,Frank_Reid
293,Heather,Simpson,hsimpson84@tripod.com,Heather_Simpson
294,Barbara,Bowman,bbowman85@miitbeian.gov.cn,Barbara_Bowman
295,Mary,Green,mgreen86@japanpost.jp,Mary_Green
296,Todd,Mason,tmason87@craigslist.org,Todd_Mason
297,Kathy,Banks,kbanks88@si.edu,Kathy_Banks
298,Justin,Butler,jbutler89@foxnews.com,Justin_Butler
299,Shirley,Sims,ssims8a@1688.com,Shirley_Sims
300,Eugene,Woods,ewoods8b@t-online.de,Eugene_Woods
301,Janice,Marshall,jmarshall8c@yellowbook.com,Janice_Marshall
302,Philip,Foster,pfoster8d@creativecommons.org,Philip_Foster
303,Katherine,Stevens,kstevens8e@ca.gov,Katherine_Stevens
304,Marilyn,Owens,mowens8f@creativecommons.org,Marilyn_Owens
305,Harold,Martin,hmartin8g@ucoz.ru,Harold_Martin
306,Catherine,Williamson,cwilliamson8h@ox.ac.uk,Catherine_Williamson
307,Joyce,Thomas,jthomas8i@sbwire.com,Joyce_Thomas
308,Michael,Watson,mwatson8j@tumblr.com,Michael_Watson
309,Ernest,Rice,erice8k@sphinn.com,Ernest_Rice
310,Shirley,Reynolds,sreynolds8l@ovh.net,Shirley_Reynolds
311,Andrew,Lane,alane8m@pen.io,Andrew_Lane
312,Justin,Howard,jhoward8n@craigslist.org,Justin_Howard
313,Mark,Scott,mscott8o@cmu.edu,Mark_Scott
314,Gerald,Chapman,gchapman8p@squidoo.com,Gerald_Chapman
315,Shirley,King,sking8q@comcast.net,Shirley_King
316,Amanda,Stewart,astewart8r@go.com,Amanda_Stewart
317,Clarence,Robertson,crobertson8s@dagondesign.com,Clarence_Robertson
318,Aaron,Freeman,afreeman8t@moonfruit.com,Aaron_Freeman
319,Phyllis,Dixon,pdixon8u@ft.com,Phyllis_Dixon
320,Annie,Peterson,apeterson8v@nationalgeographic.com,Annie_Peterson
321,Nicholas,Duncan,nduncan8w@amazon.co.jp,Nicholas_Duncan
322,Thomas,Rice,trice8x@blogs.com,Thomas_Rice
323,Donald,Bowman,dbowman8y@shinystat.com,Donald_Bowman
324,Todd,Stevens,tstevens8z@devhub.com,Todd_Stevens
325,Evelyn,Gordon,egordon90@hostgator.com,Evelyn_Gordon
326,Joshua,Ramos,jramos91@gravatar.com,Joshua_Ramos
327,Debra,Webb,dwebb92@blogs.com,Debra_Webb
328,Jeffrey,Freeman,jfreeman93@businessweek.com,Jeffrey_Freeman
329,Christina,Howell,chowell94@taobao.com,Christina_Howell
330,Matthew,Bryant,mbryant95@hp.com,Matthew_Bryant
331,Brandon,Robinson,brobinson96@tuttocitta.it,Brandon_Robinson
332,Kathy,Morris,kmorris97@biglobe.ne.jp,Kathy_Morris
333,Christopher,Kelly,ckelly98@arstechnica.com,Christopher_Kelly
334,Carolyn,Patterson,cpatterson99@mapy.cz,Carolyn_Patterson
335,Wanda,West,wwest9a@goo.ne.jp,Wanda_West
336,Kenneth,Greene,kgreene9b@statcounter.com,Kenneth_Greene
337,Nicholas,Taylor,ntaylor9c@1688.com,Nicholas_Taylor
338,Cheryl,Hamilton,chamilton9d@cam.ac.uk,Cheryl_Hamilton
339,Cheryl,Cole,ccole9e@flickr.com,Cheryl_Cole
340,Patrick,Boyd,pboyd9f@devhub.com,Patrick_Boyd
341,Janet,Watkins,jwatkins9g@ehow.com,Janet_Watkins
342,Jack,Powell,jpowell9h@creativecommons.org,Jack_Powell
343,Robin,Hudson,rhudson9i@sphinn.com,Robin_Hudson
344,Susan,Black,sblack9j@yandex.ru,Susan_Black
345,Stephanie,Hart,shart9k@miitbeian.gov.cn,Stephanie_Hart
346,Mary,Morgan,mmorgan9l@posterous.com,Mary_Morgan
347,Fred,Long,flong9m@merriam-webster.com,Fred_Long
348,Phillip,Ramirez,pramirez9n@sciencedirect.com,Phillip_Ramirez
349,Anthony,Hudson,ahudson9o@samsung.com,Anthony_Hudson
350,Thomas,Lane,tlane9p@cmu.edu,Thomas_Lane
351,Stephanie,Watkins,swatkins9q@indiegogo.com,Stephanie_Watkins
352,Sandra,Ford,sford9r@upenn.edu,Sandra_Ford
353,Julia,Olson,jolson9s@amazon.com,Julia_Olson
354,Ronald,Lewis,rlewis9t@senate.gov,Ronald_Lewis
355,Anthony,Boyd,aboyd9u@godaddy.com,Anthony_Boyd
356,Arthur,Rice,arice9v@nsw.gov.au,Arthur_Rice
357,Patrick,Rodriguez,prodriguez9w@nba.com,Patrick_Rodriguez
358,Andrew,Freeman,afreeman9x@epa.gov,Andrew_Freeman
359,Barbara,Green,bgreen9y@paginegialle.it,Barbara_Green
360,Louise,Burton,lburton9z@multiply.com,Louise_Burton
361,Heather,Long,hlonga0@google.com.br,Heather_Long
362,Samuel,Fuller,sfullera1@pinterest.com,Samuel_Fuller
363,Jose,Sullivan,jsullivana2@marketwatch.com,Jose_Sullivan
364,Roger,Parker,rparkera3@fda.gov,Roger_Parker
365,Randy,Burton,rburtona4@constantcontact.com,Randy_Burton
366,Janet,Harrison,jharrisona5@japanpost.jp,Janet_Harrison
367,David,White,dwhitea6@washington.edu,David_White
368,James,Baker,jbakera7@businessweek.com,James_Baker
369,Mary,Sanchez,msancheza8@eepurl.com,Mary_Sanchez
370,Kathleen,Reynolds,kreynoldsa9@qq.com,Kathleen_Reynolds
371,Willie,Mcdonald,wmcdonaldaa@wsj.com,Willie_Mcdonald
372,Phillip,Baker,pbakerab@home.pl,Phillip_Baker
373,Andrea,Romero,aromeroac@over-blog.com,Andrea_Romero
374,Alice,Morrison,amorrisonad@moonfruit.com,Alice_Morrison
375,Pamela,Day,pdayae@guardian.co.uk,Pamela_Day
376,Gregory,Sanders,gsandersaf@4shared.com,Gregory_Sanders
377,Roger,Diaz,rdiazag@bigcartel.com,Roger_Diaz
378,Thomas,Schmidt,tschmidtah@goo.ne.jp,Thomas_Schmidt
379,Sean,Davis,sdavisai@narod.ru,Sean_Davis
380,Henry,King,hkingaj@geocities.com,Henry_King
381,Bobby,Moreno,bmorenoak@amazon.de,Bobby_Moreno
382,Marie,Perez,mperezal@blinklist.com,Marie_Perez
383,Kelly,Myers,kmyersam@elegantthemes.com,Kelly_Myers
384,Albert,Gomez,agomezan@dagondesign.com,Albert_Gomez
385,Helen,Gonzales,hgonzalesao@storify.com,Helen_Gonzales
386,Annie,Fox,afoxap@tuttocitta.it,Annie_Fox
387,Harold,Stephens,hstephensaq@webeden.co.uk,Harold_Stephens
388,Carlos,Mccoy,cmccoyar@blogger.com,Carlos_Mccoy
389,Phillip,Frazier,pfrazieras@arizona.edu,Phillip_Frazier
390,Mark,Kelly,mkellyat@fda.gov,Mark_Kelly
391,Lori,Henderson,lhendersonau@bloglines.com,Lori_Henderson
392,Earl,Willis,ewillisav@imageshack.us,Earl_Willis
393,Richard,Howell,rhowellaw@mashable.com,Richard_Howell
394,Larry,Wells,lwellsax@apple.com,Larry_Wells
395,Katherine,Fuller,kfulleray@squidoo.com,Katherine_Fuller
396,Jerry,Ortiz,jortizaz@sina.com.cn,Jerry_Ortiz
397,Aaron,Peters,apetersb0@icio.us,Aaron_Peters
398,Albert,Taylor,ataylorb1@t.co,Albert_Taylor
399,Harold,Fox,hfoxb2@bing.com,Harold_Fox
400,Maria,Knight,mknightb3@accuweather.com,Maria_Knight
401,Kelly,Reid,kreidb4@prweb.com,Kelly_Reid
402,Jennifer,Lawson,jlawsonb5@si.edu,Jennifer_Lawson
403,Ann,Jones,ajonesb6@usgs.gov,Ann_Jones
404,Juan,Harper,jharperb7@answers.com,Juan_Harper
405,Samuel,Lewis,slewisb8@sphinn.com,Samuel_Lewis
406,Diana,Phillips,dphillipsb9@cpanel.net,Diana_Phillips
407,Marilyn,Hughes,mhughesba@google.ru,Marilyn_Hughes
408,Kathy,Reyes,kreyesbb@cocolog-nifty.com,Kathy_Reyes
409,Gloria,Thomas,gthomasbc@omniture.com,Gloria_Thomas
410,Carolyn,Fernandez,cfernandezbd@stumbleupon.com,Carolyn_Fernandez
411,Randy,Allen,rallenbe@walmart.com,Randy_Allen
412,Judith,Morgan,jmorganbf@taobao.com,Judith_Morgan
413,Sean,Graham,sgrahambg@guardian.co.uk,Sean_Graham
414,Martin,Day,mdaybh@hibu.com,Martin_Day
415,Frank,Dean,fdeanbi@4shared.com,Frank_Dean
416,Theresa,Martinez,tmartinezbj@nytimes.com,Theresa_Martinez
417,Theresa,Garrett,tgarrettbk@ftc.gov,Theresa_Garrett
418,Kevin,Hansen,khansenbl@jigsy.com,Kevin_Hansen
419,Edward,Gutierrez,egutierrezbm@accuweather.com,Edward_Gutierrez
420,Carl,Stanley,cstanleybn@wikipedia.org,Carl_Stanley
421,Pamela,Marshall,pmarshallbo@berkeley.edu,Pamela_Marshall
422,Terry,Vasquez,tvasquezbp@weibo.com,Terry_Vasquez
423,Julie,Rice,jricebq@msu.edu,Julie_Rice
424,Sara,Brooks,sbrooksbr@washingtonpost.com,Sara_Brooks
425,Carolyn,Matthews,cmatthewsbs@springer.com,Carolyn_Matthews
426,Kimberly,Perkins,kperkinsbt@blogtalkradio.com,Kimberly_Perkins
427,Tammy,Washington,twashingtonbu@digg.com,Tammy_Washington
428,Christina,Ward,cwardbv@unc.edu,Christina_Ward
429,Anne,Cook,acookbw@wikia.com,Anne_Cook
430,Ryan,Palmer,rpalmerbx@bloglovin.com,Ryan_Palmer
431,Victor,Hill,vhillby@edublogs.org,Victor_Hill
432,Sara,Sanchez,ssanchezbz@prweb.com,Sara_Sanchez
433,Robin,Hamilton,rhamiltonc0@zdnet.com,Robin_Hamilton
434,Brandon,Bryant,bbryantc1@newsvine.com,Brandon_Bryant
435,Howard,Kelly,hkellyc2@sun.com,Howard_Kelly
436,Richard,Peterson,rpetersonc3@hibu.com,Richard_Peterson
437,Marilyn,Bennett,mbennettc4@patch.com,Marilyn_Bennett
438,Scott,Thompson,sthompsonc5@hugedomains.com,Scott_Thompson
439,Anne,Burns,aburnsc6@amazonaws.com,Anne_Burns
440,Christopher,White,cwhitec7@rambler.ru,Christopher_White
441,Barbara,Kelly,bkellyc8@parallels.com,Barbara_Kelly
442,Randy,Cole,rcolec9@chron.com,Randy_Cole
443,Paula,Williams,pwilliamsca@smugmug.com,Paula_Williams
444,Victor,Reyes,vreyescb@redcross.org,Victor_Reyes
445,Patrick,Simmons,psimmonscc@scribd.com,Patrick_Simmons
446,Alice,Little,alittlecd@ezinearticles.com,Alice_Little
447,Judy,Jordan,jjordance@list-manage.com,Judy_Jordan
448,Anthony,Martin,amartincf@google.ca,Anthony_Martin
449,Donald,Kim,dkimcg@multiply.com,Donald_Kim
450,Lori,James,ljamesch@cbslocal.com,Lori_James
451,Emily,Knight,eknightci@census.gov,Emily_Knight
452,Adam,Stanley,astanleycj@joomla.org,Adam_Stanley
453,Katherine,Kim,kkimck@indiegogo.com,Katherine_Kim
454,Julie,Lane,jlanecl@mlb.com,Julie_Lane
455,Denise,Roberts,drobertscm@vkontakte.ru,Denise_Roberts
456,Debra,Gilbert,dgilbertcn@miibeian.gov.cn,Debra_Gilbert
457,Roger,Powell,rpowellco@stanford.edu,Roger_Powell
458,Sarah,Rogers,srogerscp@google.es,Sarah_Rogers
459,Ruth,Chavez,rchavezcq@jigsy.com,Ruth_Chavez
460,Peter,Howell,phowellcr@t.co,Peter_Howell
461,Peter,Frazier,pfraziercs@w3.org,Peter_Frazier
462,Aaron,Bradley,abradleyct@hp.com,Aaron_Bradley
463,Judy,Patterson,jpattersoncu@usa.gov,Judy_Patterson
464,Emily,Lane,elanecv@blogtalkradio.com,Emily_Lane
465,Katherine,Ray,kraycw@moonfruit.com,Katherine_Ray
466,Patrick,Sanders,psanderscx@wisc.edu,Patrick_Sanders
467,Douglas,Miller,dmillercy@toplist.cz,Douglas_Miller
468,Carolyn,Shaw,cshawcz@wikipedia.org,Carolyn_Shaw
469,Jennifer,Alvarez,jalvarezd0@google.ca,Jennifer_Alvarez
470,Rachel,Flores,rfloresd1@sphinn.com,Rachel_Flores
471,Theresa,Hart,thartd2@apple.com,Theresa_Hart
472,Lois,Mitchell,lmitchelld3@bloglines.com,Lois_Mitchell
473,Bonnie,Perry,bperryd4@cocolog-nifty.com,Bonnie_Perry
474,Teresa,Andrews,tandrewsd5@cbsnews.com,Teresa_Andrews
475,Roy,Robertson,rrobertsond6@nyu.edu,Roy_Robertson
476,Christina,Tucker,ctuckerd7@amazon.com,Christina_Tucker
477,Shawn,Daniels,sdanielsd8@opera.com,Shawn_Daniels
478,Cynthia,Chapman,cchapmand9@free.fr,Cynthia_Chapman
479,Helen,Ellis,hellisda@hostgator.com,Helen_Ellis
480,Gregory,Mccoy,gmccoydb@ning.com,Gregory_Mccoy
481,Clarence,Roberts,crobertsdc@deliciousdays.com,Clarence_Roberts
482,Helen,King,hkingdd@godaddy.com,Helen_King
483,Jeffrey,Cooper,jcooperde@nsw.gov.au,Jeffrey_Cooper
484,Gary,Garrett,ggarrettdf@furl.net,Gary_Garrett
485,Anthony,Mitchell,amitchelldg@chicagotribune.com,Anthony_Mitchell
486,Mark,Lawson,mlawsondh@latimes.com,Mark_Lawson
487,Scott,Howard,showarddi@wikia.com,Scott_Howard
488,Maria,West,mwestdj@ft.com,Maria_West
489,Kathy,Washington,kwashingtondk@bloomberg.com,Kathy_Washington
490,Paula,Cox,pcoxdl@cisco.com,Paula_Cox
491,Irene,Stanley,istanleydm@cbc.ca,Irene_Stanley
492,Jeffrey,Flores,jfloresdn@hexun.com,Jeffrey_Flores
493,Henry,Graham,hgrahamdo@surveymonkey.com,Henry_Graham
494,Robin,Hansen,rhansendp@comcast.net,Robin_Hansen
495,Shirley,Carr,scarrdq@accuweather.com,Shirley_Carr
496,Kimberly,Watson,kwatsondr@dell.com,Kimberly_Watson
497,Nicholas,Black,nblackds@joomla.org,Nicholas_Black
498,Harold,Hall,hhalldt@nsw.gov.au,Harold_Hall
499,Tina,Lewis,tlewisdu@vinaora.com,Tina_Lewis
500,Joyce,Gibson,jgibsondv@ocn.ne.jp,Joyce_Gibson
501,Michelle,Little,mlittledw@cmu.edu,Michelle_Little
502,Donna,Evans,devansdx@sphinn.com,Donna_Evans
503,Jerry,Lynch,jlynchdy@chronoengine.com,Jerry_Lynch
504,Thomas,Henry,thenrydz@indiatimes.com,Thomas_Henry
505,Randy,Bailey,rbaileye0@miitbeian.gov.cn,Randy_Bailey
506,Barbara,Howard,bhowarde1@prnewswire.com,Barbara_Howard
507,Annie,Brooks,abrookse2@plala.or.jp,Annie_Brooks
508,Lawrence,Wood,lwoode3@japanpost.jp,Lawrence_Wood
509,Nancy,Payne,npaynee4@bandcamp.com,Nancy_Payne
510,Evelyn,Chavez,echaveze5@google.pl,Evelyn_Chavez
511,Kathryn,Arnold,karnolde6@wix.com,Kathryn_Arnold
512,Donna,Lewis,dlewise7@sbwire.com,Donna_Lewis
513,Michelle,Mccoy,mmccoye8@narod.ru,Michelle_Mccoy
514,Russell,Willis,rwillise9@networksolutions.com,Russell_Willis
515,Julia,Morales,jmoralesea@storify.com,Julia_Morales
516,Kenneth,Young,kyoungeb@yellowbook.com,Kenneth_Young
517,Kathy,Stone,kstoneec@devhub.com,Kathy_Stone
518,Lillian,Green,lgreened@unicef.org,Lillian_Green
519,Beverly,Gilbert,bgilbertee@e-recht24.de,Beverly_Gilbert
520,Diana,Palmer,dpalmeref@4shared.com,Diana_Palmer
521,William,Cook,wcookeg@archive.org,William_Cook
522,Carol,Ryan,cryaneh@nasa.gov,Carol_Ryan
523,Craig,Chavez,cchavezei@cargocollective.com,Craig_Chavez
524,Sara,Patterson,spattersonej@cbc.ca,Sara_Patterson
525,Lillian,Richards,lrichardsek@epa.gov,Lillian_Richards
526,Johnny,Washington,jwashingtonel@google.com,Johnny_Washington
527,Todd,Fisher,tfisherem@over-blog.com,Todd_Fisher
528,Paula,Vasquez,pvasquezen@tripadvisor.com,Paula_Vasquez
529,Henry,Richards,hrichardseo@boston.com,Henry_Richards
530,Arthur,Boyd,aboydep@craigslist.org,Arthur_Boyd
531,Phillip,Moreno,pmorenoeq@parallels.com,Phillip_Moreno
532,Ryan,Dixon,rdixoner@ezinearticles.com,Ryan_Dixon
533,Paul,Moreno,pmorenoes@studiopress.com,Paul_Moreno
534,Eugene,Butler,ebutleret@arstechnica.com,Eugene_Butler
535,Stephen,Kennedy,skennedyeu@hugedomains.com,Stephen_Kennedy
536,Joan,Snyder,jsnyderev@smh.com.au,Joan_Snyder
537,Carlos,James,cjamesew@google.ru,Carlos_James
538,Catherine,Carter,ccarterex@earthlink.net,Catherine_Carter
539,Justin,Arnold,jarnoldey@loc.gov,Justin_Arnold
540,Justin,Sanders,jsandersez@amazon.com,Justin_Sanders
541,Jennifer,Olson,jolsonf0@harvard.edu,Jennifer_Olson
542,Adam,Riley,arileyf1@plala.or.jp,Adam_Riley
543,Melissa,Tucker,mtuckerf2@mtv.com,Melissa_Tucker
544,Mark,Baker,mbakerf3@blinklist.com,Mark_Baker
545,Mark,Bishop,mbishopf4@bizjournals.com,Mark_Bishop
546,Jessica,Garza,jgarzaf5@sfgate.com,Jessica_Garza
547,Paula,Cruz,pcruzf6@51.la,Paula_Cruz
548,Benjamin,Nguyen,bnguyenf7@house.gov,Benjamin_Nguyen
549,Wayne,Hughes,whughesf8@columbia.edu,Wayne_Hughes
550,Cheryl,James,cjamesf9@netlog.com,Cheryl_James
551,Benjamin,Gardner,bgardnerfa@icio.us,Benjamin_Gardner
552,Scott,Turner,sturnerfb@g.co,Scott_Turner
553,Jose,Fernandez,jfernandezfc@weebly.com,Jose_Fernandez
554,Steven,Lee,sleefd@scientificamerican.com,Steven_Lee
555,Bonnie,Chapman,bchapmanfe@weibo.com,Bonnie_Chapman
556,Cynthia,Roberts,crobertsff@psu.edu,Cynthia_Roberts
557,Beverly,Bowman,bbowmanfg@google.fr,Beverly_Bowman
558,Katherine,Flores,kfloresfh@tumblr.com,Katherine_Flores
559,Amy,Gutierrez,agutierrezfi@de.vu,Amy_Gutierrez
560,Chris,Bell,cbellfj@storify.com,Chris_Bell
561,Steven,Thomas,sthomasfk@gnu.org,Steven_Thomas
562,Gary,Cook,gcookfl@upenn.edu,Gary_Cook
563,Betty,Banks,bbanksfm@ezinearticles.com,Betty_Banks
564,Chris,Lane,clanefn@github.io,Chris_Lane
565,Laura,Austin,laustinfo@elpais.com,Laura_Austin
566,Alan,Phillips,aphillipsfp@yelp.com,Alan_Phillips
567,Denise,Gomez,dgomezfq@ucsd.edu,Denise_Gomez
568,Billy,Wallace,bwallacefr@t.co,Billy_Wallace
569,Jonathan,Meyer,jmeyerfs@mit.edu,Jonathan_Meyer
570,Lori,Dean,ldeanft@goo.gl,Lori_Dean
571,Gloria,Stephens,gstephensfu@moonfruit.com,Gloria_Stephens
572,Ruth,Reid,rreidfv@blogs.com,Ruth_Reid
573,Todd,Franklin,tfranklinfw@mozilla.com,Todd_Franklin
574,Earl,Peters,epetersfx@vinaora.com,Earl_Peters
575,Catherine,Thomas,cthomasfy@wisc.edu,Catherine_Thomas
576,Kathryn,Wallace,kwallacefz@dot.gov,Kathryn_Wallace
577,Paul,Oliver,poliverg0@etsy.com,Paul_Oliver
578,Donald,Rice,driceg1@java.com,Donald_Rice
579,Laura,Griffin,lgriffing2@wisc.edu,Laura_Griffin
580,Ralph,Wilson,rwilsong3@joomla.org,Ralph_Wilson
581,Thomas,Ross,trossg4@illinois.edu,Thomas_Ross
582,Helen,Cruz,hcruzg5@berkeley.edu,Helen_Cruz
583,Brenda,Moore,bmooreg6@google.pl,Brenda_Moore
584,Craig,Andrews,candrewsg7@cnet.com,Craig_Andrews
585,Randy,Wallace,rwallaceg8@fotki.com,Randy_Wallace
586,Ruth,Jenkins,rjenkinsg9@cpanel.net,Ruth_Jenkins
587,Kelly,Green,kgreenga@bluehost.com,Kelly_Green
588,Kelly,Brooks,kbrooksgb@unicef.org,Kelly_Brooks
589,Adam,Graham,agrahamgc@com.com,Adam_Graham
590,Sara,Armstrong,sarmstronggd@pcworld.com,Sara_Armstrong
591,Scott,Jordan,sjordange@google.ru,Scott_Jordan
592,Daniel,Palmer,dpalmergf@jimdo.com,Daniel_Palmer
593,Shawn,Jordan,sjordangg@vistaprint.com,Shawn_Jordan
594,Joseph,Grant,jgrantgh@google.ru,Joseph_Grant
595,Antonio,Ryan,aryangi@ibm.com,Antonio_Ryan
596,Timothy,Vasquez,tvasquezgj@e-recht24.de,Timothy_Vasquez
597,Roger,Ferguson,rfergusongk@ow.ly,Roger_Ferguson
598,Scott,Diaz,sdiazgl@qq.com,Scott_Diaz
599,Jeffrey,Olson,jolsongm@dion.ne.jp,Jeffrey_Olson
600,Shawn,Austin,saustingn@ebay.com,Shawn_Austin
601,Stephen,Sims,ssimsgo@prlog.org,Stephen_Sims
602,Jessica,Brooks,jbrooksgp@imdb.com,Jessica_Brooks
603,Dorothy,Williamson,dwilliamsongq@yellowbook.com,Dorothy_Williamson
604,Gerald,Dean,gdeangr@meetup.com,Gerald_Dean
605,Scott,Ruiz,sruizgs@apache.org,Scott_Ruiz
606,Alice,Scott,ascottgt@meetup.com,Alice_Scott
607,Ruth,Hansen,rhansengu@gravatar.com,Ruth_Hansen
608,Jonathan,Holmes,jholmesgv@biglobe.ne.jp,Jonathan_Holmes
609,Christopher,Perkins,cperkinsgw@flavors.me,Christopher_Perkins
610,Annie,Parker,aparkergx@nsw.gov.au,Annie_Parker
611,Jeffrey,Wood,jwoodgy@chron.com,Jeffrey_Wood
612,Richard,Frazier,rfraziergz@nyu.edu,Richard_Frazier
613,Ashley,Bryant,abryanth0@wikipedia.org,Ashley_Bryant
614,Judith,Harper,jharperh1@paypal.com,Judith_Harper
615,Raymond,Jordan,rjordanh2@surveymonkey.com,Raymond_Jordan
616,Diane,Burns,dburnsh3@state.gov,Diane_Burns
617,Earl,Burns,eburnsh4@last.fm,Earl_Burns
618,Ralph,Morgan,rmorganh5@google.es,Ralph_Morgan
619,Susan,Collins,scollinsh6@si.edu,Susan_Collins
620,Helen,Ellis,hellish7@shutterfly.com,Helen_Ellis
621,Mark,Greene,mgreeneh8@businessinsider.com,Mark_Greene
622,Steven,Ford,sfordh9@economist.com,Steven_Ford
623,Samuel,Schmidt,sschmidtha@zdnet.com,Samuel_Schmidt
624,Ronald,Mills,rmillshb@ox.ac.uk,Ronald_Mills
625,Randy,Armstrong,rarmstronghc@bloglines.com,Randy_Armstrong
626,Mark,Hayes,mhayeshd@webeden.co.uk,Mark_Hayes
627,William,Montgomery,wmontgomeryhe@paginegialle.it,William_Montgomery
628,Joan,Alexander,jalexanderhf@opensource.org,Joan_Alexander
629,Jeremy,Owens,jowenshg@indiatimes.com,Jeremy_Owens
630,Michael,Williams,mwilliamshh@github.com,Michael_Williams
631,Kevin,Montgomery,kmontgomeryhi@wikimedia.org,Kevin_Montgomery
632,Matthew,Mitchell,mmitchellhj@google.com.hk,Matthew_Mitchell
633,Gregory,Montgomery,gmontgomeryhk@chronoengine.com,Gregory_Montgomery
634,Anna,Stone,astonehl@archive.org,Anna_Stone
635,Diane,Lane,dlanehm@oakley.com,Diane_Lane
636,Edward,Wright,ewrighthn@zdnet.com,Edward_Wright
637,Joshua,Washington,jwashingtonho@wordpress.com,Joshua_Washington
638,Lisa,Jacobs,ljacobshp@github.com,Lisa_Jacobs
639,Daniel,Phillips,dphillipshq@adobe.com,Daniel_Phillips
640,Martha,Mendoza,mmendozahr@nih.gov,Martha_Mendoza
641,Irene,Garrett,igarretths@ezinearticles.com,Irene_Garrett
642,Brian,Gonzales,bgonzalesht@google.com,Brian_Gonzales
643,Carlos,Graham,cgrahamhu@w3.org,Carlos_Graham
644,Janice,Hawkins,jhawkinshv@admin.ch,Janice_Hawkins
645,Ann,Franklin,afranklinhw@webeden.co.uk,Ann_Franklin
646,Joseph,Owens,jowenshx@wikipedia.org,Joseph_Owens
647,Kelly,Washington,kwashingtonhy@springer.com,Kelly_Washington
648,Julie,Cox,jcoxhz@360.cn,Julie_Cox
649,Thomas,Robertson,trobertsoni0@netvibes.com,Thomas_Robertson
650,Jacqueline,Crawford,jcrawfordi1@mail.ru,Jacqueline_Crawford
651,Joseph,Meyer,jmeyeri2@telegraph.co.uk,Joseph_Meyer
652,Jason,Thomas,jthomasi3@about.me,Jason_Thomas
653,Deborah,Dunn,ddunni4@examiner.com,Deborah_Dunn
654,Melissa,Harvey,mharveyi5@oracle.com,Melissa_Harvey
655,Anthony,Vasquez,avasquezi6@flickr.com,Anthony_Vasquez
656,Gerald,Mcdonald,gmcdonaldi7@npr.org,Gerald_Mcdonald
657,Kelly,Davis,kdavisi8@diigo.com,Kelly_Davis
658,Craig,Sullivan,csullivani9@microsoft.com,Craig_Sullivan
659,Lawrence,Harrison,lharrisonia@topsy.com,Lawrence_Harrison
660,Elizabeth,Jacobs,ejacobsib@wordpress.com,Elizabeth_Jacobs
661,Gloria,Chapman,gchapmanic@reference.com,Gloria_Chapman
662,Stephen,Crawford,scrawfordid@fastcompany.com,Stephen_Crawford
663,Joshua,Chapman,jchapmanie@constantcontact.com,Joshua_Chapman
664,Sean,Johnston,sjohnstonif@prlog.org,Sean_Johnston
665,Arthur,Clark,aclarkig@g.co,Arthur_Clark
666,William,Baker,wbakerih@miibeian.gov.cn,William_Baker
667,Steve,Hansen,shansenii@moonfruit.com,Steve_Hansen
668,Barbara,Washington,bwashingtonij@indiatimes.com,Barbara_Washington
669,Denise,Boyd,dboydik@com.com,Denise_Boyd
670,Roy,Jordan,rjordanil@weebly.com,Roy_Jordan
671,Louise,Knight,lknightim@bigcartel.com,Louise_Knight
672,Joseph,Stephens,jstephensin@51.la,Joseph_Stephens
673,Tina,Long,tlongio@europa.eu,Tina_Long
674,Jeremy,Alexander,jalexanderip@gmpg.org,Jeremy_Alexander
675,Theresa,Young,tyoungiq@lycos.com,Theresa_Young
676,Kevin,Gonzalez,kgonzalezir@issuu.com,Kevin_Gonzalez
677,Phyllis,Day,pdayis@surveymonkey.com,Phyllis_Day
678,Ralph,Coleman,rcolemanit@purevolume.com,Ralph_Coleman
679,David,Reynolds,dreynoldsiu@blogtalkradio.com,David_Reynolds
680,Emily,Kelly,ekellyiv@un.org,Emily_Kelly
681,Joseph,Howard,jhowardiw@time.com,Joseph_Howard
682,Kimberly,Thompson,kthompsonix@java.com,Kimberly_Thompson
683,Jesse,Freeman,jfreemaniy@wikispaces.com,Jesse_Freeman
684,Deborah,Hill,dhilliz@webs.com,Deborah_Hill
685,Cynthia,Robinson,crobinsonj0@yellowpages.com,Cynthia_Robinson
686,Jesse,Lewis,jlewisj1@webnode.com,Jesse_Lewis
687,Frances,Marshall,fmarshallj2@wunderground.com,Frances_Marshall
688,Cynthia,Frazier,cfrazierj3@netvibes.com,Cynthia_Frazier
689,Alan,Armstrong,aarmstrongj4@furl.net,Alan_Armstrong
690,Lawrence,Allen,lallenj5@fotki.com,Lawrence_Allen
691,Norma,Vasquez,nvasquezj6@creativecommons.org,Norma_Vasquez
692,Jessica,Bailey,jbaileyj7@hatena.ne.jp,Jessica_Bailey
693,Debra,Fields,dfieldsj8@youtu.be,Debra_Fields
694,Alice,Kelley,akelleyj9@wikipedia.org,Alice_Kelley
695,Kathleen,Roberts,krobertsja@fastcompany.com,Kathleen_Roberts
696,Kathy,Austin,kaustinjb@opensource.org,Kathy_Austin
697,Paul,Fernandez,pfernandezjc@deviantart.com,Paul_Fernandez
698,Tammy,Gordon,tgordonjd@a8.net,Tammy_Gordon
699,Thomas,Brooks,tbrooksje@issuu.com,Thomas_Brooks
700,Bonnie,Gibson,bgibsonjf@businessinsider.com,Bonnie_Gibson
701,Phyllis,Hicks,phicksjg@washington.edu,Phyllis_Hicks
702,Louis,Lopez,llopezjh@patch.com,Louis_Lopez
703,Jane,Green,jgreenji@ovh.net,Jane_Green
704,Mary,Perez,mperezjj@apple.com,Mary_Perez
705,Walter,Scott,wscottjk@ed.gov,Walter_Scott
706,Carol,Rose,crosejl@phpbb.com,Carol_Rose
707,Edward,Banks,ebanksjm@mtv.com,Edward_Banks
708,Fred,Wright,fwrightjn@google.co.uk,Fred_Wright
709,Jose,Montgomery,jmontgomeryjo@nih.gov,Jose_Montgomery
710,Annie,Romero,aromerojp@loc.gov,Annie_Romero
711,Betty,Austin,baustinjq@paginegialle.it,Betty_Austin
712,Ernest,Reid,ereidjr@wikimedia.org,Ernest_Reid
713,Pamela,Vasquez,pvasquezjs@paypal.com,Pamela_Vasquez
714,Linda,Williamson,lwilliamsonjt@craigslist.org,Linda_Williamson
715,Mark,Stanley,mstanleyju@google.com,Mark_Stanley
716,Jeffrey,Hall,jhalljv@cam.ac.uk,Jeffrey_Hall
717,Jerry,Johnson,jjohnsonjw@gnu.org,Jerry_Johnson
718,Martin,Hamilton,mhamiltonjx@domainmarket.com,Martin_Hamilton
719,Tina,Sanchez,tsanchezjy@adobe.com,Tina_Sanchez
720,Ashley,Hamilton,ahamiltonjz@berkeley.edu,Ashley_Hamilton
721,Terry,Coleman,tcolemank0@kickstarter.com,Terry_Coleman
722,Michelle,Wagner,mwagnerk1@admin.ch,Michelle_Wagner
723,Anthony,Matthews,amatthewsk2@nasa.gov,Anthony_Matthews
724,Keith,Welch,kwelchk3@go.com,Keith_Welch
725,Carl,Moreno,cmorenok4@theguardian.com,Carl_Moreno
726,Karen,Collins,kcollinsk5@va.gov,Karen_Collins
727,William,Carter,wcarterk6@live.com,William_Carter
728,Joshua,Burns,jburnsk7@blogger.com,Joshua_Burns
729,Samuel,Murphy,smurphyk8@simplemachines.org,Samuel_Murphy
730,Andrea,Tucker,atuckerk9@g.co,Andrea_Tucker
731,Annie,Webb,awebbka@huffingtonpost.com,Annie_Webb
732,Janet,Wood,jwoodkb@xinhuanet.com,Janet_Wood
733,Rose,Morrison,rmorrisonkc@rediff.com,Rose_Morrison
734,Joshua,Nguyen,jnguyenkd@usnews.com,Joshua_Nguyen
735,James,Cruz,jcruzke@slate.com,James_Cruz
736,John,Reed,jreedkf@over-blog.com,John_Reed
737,Craig,Hughes,chugheskg@blogger.com,Craig_Hughes
738,Donald,Welch,dwelchkh@godaddy.com,Donald_Welch
739,Rachel,Lane,rlaneki@sbwire.com,Rachel_Lane
740,Brian,Arnold,barnoldkj@cbslocal.com,Brian_Arnold
741,Maria,Carter,mcarterkk@live.com,Maria_Carter
742,Henry,Day,hdaykl@paginegialle.it,Henry_Day
743,Michelle,Smith,msmithkm@t-online.de,Michelle_Smith
744,Ernest,Dunn,edunnkn@xing.com,Ernest_Dunn
745,Gloria,Roberts,grobertsko@imgur.com,Gloria_Roberts
746,Harry,Rose,hrosekp@blogtalkradio.com,Harry_Rose
747,Antonio,Graham,agrahamkq@cnet.com,Antonio_Graham
748,Amy,Bailey,abaileykr@soup.io,Amy_Bailey
749,Robert,Warren,rwarrenks@virginia.edu,Robert_Warren
750,Jimmy,Miller,jmillerkt@istockphoto.com,Jimmy_Miller
751,Denise,Wagner,dwagnerku@census.gov,Denise_Wagner
752,Donna,Montgomery,dmontgomerykv@biglobe.ne.jp,Donna_Montgomery
753,Cynthia,Mendoza,cmendozakw@engadget.com,Cynthia_Mendoza
754,Joan,Watson,jwatsonkx@archive.org,Joan_Watson
755,Walter,Austin,waustinky@howstuffworks.com,Walter_Austin
756,Jacqueline,Butler,jbutlerkz@newsvine.com,Jacqueline_Butler
757,William,Wilson,wwilsonl0@linkedin.com,William_Wilson
758,Carolyn,Robinson,crobinsonl1@about.com,Carolyn_Robinson
759,Donald,Perry,dperryl2@ovh.net,Donald_Perry
760,Ronald,Graham,rgrahaml3@sfgate.com,Ronald_Graham
761,Carlos,Lynch,clynchl4@storify.com,Carlos_Lynch
762,Phyllis,Austin,paustinl5@state.gov,Phyllis_Austin
763,Edward,Holmes,eholmesl6@mashable.com,Edward_Holmes
764,Henry,Arnold,harnoldl7@biglobe.ne.jp,Henry_Arnold
765,Nancy,Bell,nbelll8@cnn.com,Nancy_Bell
766,Carl,Murray,cmurrayl9@un.org,Carl_Murray
767,Paula,Little,plittlela@hhs.gov,Paula_Little
768,Sharon,Smith,ssmithlb@w3.org,Sharon_Smith
769,Ryan,Martin,rmartinlc@wufoo.com,Ryan_Martin
770,Virginia,Hernandez,vhernandezld@zimbio.com,Virginia_Hernandez
771,Jonathan,Thomas,jthomasle@tiny.cc,Jonathan_Thomas
772,Mildred,Graham,mgrahamlf@infoseek.co.jp,Mildred_Graham
773,Barbara,Nelson,bnelsonlg@mtv.com,Barbara_Nelson
774,Jennifer,Gardner,jgardnerlh@hostgator.com,Jennifer_Gardner
775,Janice,Johnson,jjohnsonli@chicagotribune.com,Janice_Johnson
776,Lisa,Riley,lrileylj@ted.com,Lisa_Riley
777,Randy,Lane,rlanelk@aboutads.info,Randy_Lane
778,Jacqueline,Jackson,jjacksonll@mlb.com,Jacqueline_Jackson
779,Chris,Cunningham,ccunninghamlm@is.gd,Chris_Cunningham
780,Martha,Young,myoungln@usnews.com,Martha_Young
781,Frances,Jenkins,fjenkinslo@qq.com,Frances_Jenkins
782,Alan,Burton,aburtonlp@networksolutions.com,Alan_Burton
783,Louis,Warren,lwarrenlq@businessweek.com,Louis_Warren
784,Jonathan,Harrison,jharrisonlr@earthlink.net,Jonathan_Harrison
785,Martin,Bennett,mbennettls@springer.com,Martin_Bennett
786,Robin,Perry,rperrylt@hhs.gov,Robin_Perry
787,Jennifer,Brooks,jbrookslu@cornell.edu,Jennifer_Brooks
788,Michelle,Green,mgreenlv@theguardian.com,Michelle_Green
789,Amy,Cooper,acooperlw@studiopress.com,Amy_Cooper
790,Virginia,Bryant,vbryantlx@amazon.co.uk,Virginia_Bryant
791,Ernest,Rice,ericely@sfgate.com,Ernest_Rice
792,Catherine,Mason,cmasonlz@usgs.gov,Catherine_Mason
793,Catherine,Lynch,clynchm0@wired.com,Catherine_Lynch
794,William,Morales,wmoralesm1@msn.com,William_Morales
795,Dennis,Webb,dwebbm2@123-reg.co.uk,Dennis_Webb
796,Emily,Wells,ewellsm3@admin.ch,Emily_Wells
797,Martha,Hicks,mhicksm4@wikipedia.org,Martha_Hicks
798,Katherine,Edwards,kedwardsm5@google.com.au,Katherine_Edwards
799,Brandon,Harris,bharrism6@pagesperso-orange.fr,Brandon_Harris
800,Clarence,Flores,cfloresm7@rediff.com,Clarence_Flores
801,Janet,Brooks,jbrooksm8@google.nl,Janet_Brooks
802,Catherine,Pierce,cpiercem9@qq.com,Catherine_Pierce
803,Amy,Crawford,acrawfordma@mlb.com,Amy_Crawford
804,Julia,Harrison,jharrisonmb@wix.com,Julia_Harrison
805,Judith,Warren,jwarrenmc@feedburner.com,Judith_Warren
806,Larry,Mills,lmillsmd@engadget.com,Larry_Mills
807,Robert,Harvey,rharveyme@amazon.co.uk,Robert_Harvey
808,Wayne,Watkins,wwatkinsmf@bbb.org,Wayne_Watkins
809,Janice,Burns,jburnsmg@list-manage.com,Janice_Burns
810,Kelly,Woods,kwoodsmh@feedburner.com,Kelly_Woods
811,Paul,Boyd,pboydmi@theglobeandmail.com,Paul_Boyd
812,Kelly,Bailey,kbaileymj@chron.com,Kelly_Bailey
813,Roy,Myers,rmyersmk@sbwire.com,Roy_Myers
814,Juan,Pierce,jpierceml@themeforest.net,Juan_Pierce
815,Margaret,Montgomery,mmontgomerymm@digg.com,Margaret_Montgomery
816,Paula,Palmer,ppalmermn@amazon.de,Paula_Palmer
817,Kathryn,Sanders,ksandersmo@youtube.com,Kathryn_Sanders
818,Ashley,Kelley,akelleymp@yolasite.com,Ashley_Kelley
819,Deborah,Fernandez,dfernandezmq@nymag.com,Deborah_Fernandez
820,Arthur,Griffin,agriffinmr@opera.com,Arthur_Griffin
821,Carol,West,cwestms@studiopress.com,Carol_West
822,Rose,Ortiz,rortizmt@redcross.org,Rose_Ortiz
823,Kathryn,Davis,kdavismu@ask.com,Kathryn_Davis
824,Diane,Banks,dbanksmv@theglobeandmail.com,Diane_Banks
825,Johnny,Pierce,jpiercemw@illinois.edu,Johnny_Pierce
826,Willie,Arnold,warnoldmx@nsw.gov.au,Willie_Arnold
827,Diane,Hill,dhillmy@furl.net,Diane_Hill
828,Charles,Jenkins,cjenkinsmz@cpanel.net,Charles_Jenkins
829,Joe,Hill,jhilln0@google.co.jp,Joe_Hill
830,Phillip,Hamilton,phamiltonn1@intel.com,Phillip_Hamilton
831,Anne,Long,alongn2@admin.ch,Anne_Long
832,Linda,Stewart,lstewartn3@engadget.com,Linda_Stewart
833,Doris,Lee,dleen4@pcworld.com,Doris_Lee
834,Judy,Wagner,jwagnern5@foxnews.com,Judy_Wagner
835,Carol,Ortiz,cortizn6@amazon.co.jp,Carol_Ortiz
836,Rebecca,Sanders,rsandersn7@cloudflare.com,Rebecca_Sanders
837,Joyce,Peters,jpetersn8@sourceforge.net,Joyce_Peters
838,Paula,Campbell,pcampbelln9@engadget.com,Paula_Campbell
839,Laura,Stevens,lstevensna@surveymonkey.com,Laura_Stevens
840,Janet,Sanchez,jsancheznb@omniture.com,Janet_Sanchez
841,Martha,Stone,mstonenc@t.co,Martha_Stone
842,Jonathan,Montgomery,jmontgomerynd@photobucket.com,Jonathan_Montgomery
843,Michael,Hawkins,mhawkinsne@google.nl,Michael_Hawkins
844,Sarah,Baker,sbakernf@unesco.org,Sarah_Baker
845,Martha,Hart,mhartng@walmart.com,Martha_Hart
846,Kenneth,Johnson,kjohnsonnh@free.fr,Kenneth_Johnson
847,Rachel,Willis,rwillisni@hibu.com,Rachel_Willis
848,Catherine,Adams,cadamsnj@ed.gov,Catherine_Adams
849,Wanda,Ross,wrossnk@dion.ne.jp,Wanda_Ross
850,Scott,Ellis,sellisnl@mtv.com,Scott_Ellis
851,Scott,Mendoza,smendozanm@sitemeter.com,Scott_Mendoza
852,Donna,Hill,dhillnn@chicagotribune.com,Donna_Hill
853,Phillip,Walker,pwalkerno@flavors.me,Phillip_Walker
854,Scott,Richards,srichardsnp@cloudflare.com,Scott_Richards
855,Catherine,West,cwestnq@wix.com,Catherine_West
856,Sean,Mendoza,smendozanr@reference.com,Sean_Mendoza
857,Helen,Morris,hmorrisns@soundcloud.com,Helen_Morris
858,Gary,Wheeler,gwheelernt@foxnews.com,Gary_Wheeler
859,Joseph,Boyd,jboydnu@yale.edu,Joseph_Boyd
860,Anthony,Nichols,anicholsnv@cafepress.com,Anthony_Nichols
861,Frank,Rivera,friveranw@discuz.net,Frank_Rivera
862,Lillian,Hayes,lhayesnx@moonfruit.com,Lillian_Hayes
863,Amy,Dean,adeanny@live.com,Amy_Dean
864,Ruth,Henry,rhenrynz@slate.com,Ruth_Henry
865,Gerald,Castillo,gcastilloo0@nsw.gov.au,Gerald_Castillo
866,Craig,Rodriguez,crodriguezo1@meetup.com,Craig_Rodriguez
867,Rose,Carr,rcarro2@wunderground.com,Rose_Carr
868,Margaret,Henry,mhenryo3@squidoo.com,Margaret_Henry
869,Sarah,Gonzalez,sgonzalezo4@china.com.cn,Sarah_Gonzalez
870,Theresa,Howard,thowardo5@w3.org,Theresa_Howard
871,George,Simmons,gsimmonso6@pcworld.com,George_Simmons
872,David,Campbell,dcampbello7@ucoz.ru,David_Campbell
873,Julie,Ramirez,jramirezo8@kickstarter.com,Julie_Ramirez
874,Teresa,Crawford,tcrawfordo9@plala.or.jp,Teresa_Crawford
875,Paula,Carpenter,pcarpenteroa@unesco.org,Paula_Carpenter
876,Ryan,Collins,rcollinsob@google.co.uk,Ryan_Collins
877,Debra,White,dwhiteoc@blog.com,Debra_White
878,Ashley,Wallace,awallaceod@adobe.com,Ashley_Wallace
879,Carl,Burton,cburtonoe@mapquest.com,Carl_Burton
880,Diana,Kennedy,dkennedyof@ehow.com,Diana_Kennedy
881,Diane,Coleman,dcolemanog@hp.com,Diane_Coleman
882,Gary,Scott,gscottoh@sciencedirect.com,Gary_Scott
883,Doris,Shaw,dshawoi@google.es,Doris_Shaw
884,Maria,Thompson,mthompsonoj@msu.edu,Maria_Thompson
885,Elizabeth,Woods,ewoodsok@seesaa.net,Elizabeth_Woods
886,Theresa,Cooper,tcooperol@cdc.gov,Theresa_Cooper
887,Theresa,Dixon,tdixonom@woothemes.com,Theresa_Dixon
888,Chris,Jackson,cjacksonon@apple.com,Chris_Jackson
889,Lillian,Duncan,lduncanoo@psu.edu,Lillian_Duncan
890,Kathryn,Matthews,kmatthewsop@nbcnews.com,Kathryn_Matthews
891,Martin,Stanley,mstanleyoq@elegantthemes.com,Martin_Stanley
892,Cheryl,Robertson,crobertsonor@dedecms.com,Cheryl_Robertson
893,Juan,Gardner,jgardneros@friendfeed.com,Juan_Gardner
894,Louis,Murray,lmurrayot@hao123.com,Louis_Murray
895,Janice,Johnston,jjohnstonou@domainmarket.com,Janice_Johnston
896,Bruce,Adams,badamsov@bloglovin.com,Bruce_Adams
897,Janet,Wagner,jwagnerow@google.com.br,Janet_Wagner
898,Virginia,Johnston,vjohnstonox@people.com.cn,Virginia_Johnston
899,Sarah,Wallace,swallaceoy@usda.gov,Sarah_Wallace
900,Juan,Wright,jwrightoz@fastcompany.com,Juan_Wright
901,Shawn,Flores,sfloresp0@de.vu,Shawn_Flores
902,Chris,Reyes,creyesp1@harvard.edu,Chris_Reyes
903,Ronald,Wheeler,rwheelerp2@pinterest.com,Ronald_Wheeler
904,Melissa,Ward,mwardp3@mozilla.com,Melissa_Ward
905,Anna,Hansen,ahansenp4@printfriendly.com,Anna_Hansen
906,Bobby,Arnold,barnoldp5@loc.gov,Bobby_Arnold
907,Nicole,Pierce,npiercep6@huffingtonpost.com,Nicole_Pierce
908,Mildred,Gordon,mgordonp7@umich.edu,Mildred_Gordon
909,Stephen,Sanders,ssandersp8@java.com,Stephen_Sanders
910,Beverly,Armstrong,barmstrongp9@telegraph.co.uk,Beverly_Armstrong
911,Stephen,Diaz,sdiazpa@surveymonkey.com,Stephen_Diaz
912,Roger,Powell,rpowellpb@shop-pro.jp,Roger_Powell
913,Jacqueline,Spencer,jspencerpc@fastcompany.com,Jacqueline_Spencer
914,Janice,Duncan,jduncanpd@techcrunch.com,Janice_Duncan
915,Wanda,Flores,wflorespe@salon.com,Wanda_Flores
916,Heather,Evans,hevanspf@prnewswire.com,Heather_Evans
917,Wanda,Walker,wwalkerpg@twitpic.com,Wanda_Walker
918,Jessica,Gibson,jgibsonph@gnu.org,Jessica_Gibson
919,Christopher,Ellis,cellispi@timesonline.co.uk,Christopher_Ellis
920,Elizabeth,Campbell,ecampbellpj@dion.ne.jp,Elizabeth_Campbell
921,Justin,Morrison,jmorrisonpk@desdev.cn,Justin_Morrison
922,Marilyn,Hanson,mhansonpl@google.com.hk,Marilyn_Hanson
923,Stephanie,Murray,smurraypm@hhs.gov,Stephanie_Murray
924,Stephanie,Berry,sberrypn@sfgate.com,Stephanie_Berry
925,Ryan,Taylor,rtaylorpo@delicious.com,Ryan_Taylor
926,Tammy,Hansen,thansenpp@techcrunch.com,Tammy_Hansen
927,Maria,Wagner,mwagnerpq@fastcompany.com,Maria_Wagner
928,Gregory,Webb,gwebbpr@php.net,Gregory_Webb
929,Charles,Carter,ccarterps@ftc.gov,Charles_Carter
930,Margaret,Alvarez,malvarezpt@yellowpages.com,Margaret_Alvarez
931,Ronald,Peterson,rpetersonpu@instagram.com,Ronald_Peterson
932,Beverly,Morales,bmoralespv@indiegogo.com,Beverly_Morales
933,Willie,James,wjamespw@bing.com,Willie_James
934,Sharon,Reyes,sreyespx@imgur.com,Sharon_Reyes
935,Alice,Williamson,awilliamsonpy@cisco.com,Alice_Williamson
936,Gary,Russell,grussellpz@github.io,Gary_Russell
937,Patricia,Bradley,pbradleyq0@businesswire.com,Patricia_Bradley
938,Justin,Murphy,jmurphyq1@goo.gl,Justin_Murphy
939,Nicholas,Moore,nmooreq2@yale.edu,Nicholas_Moore
940,Kathleen,West,kwestq3@columbia.edu,Kathleen_West
941,Nicole,Taylor,ntaylorq4@dailymail.co.uk,Nicole_Taylor
942,Jean,King,jkingq5@who.int,Jean_King
943,Jeffrey,Lane,jlaneq6@nba.com,Jeffrey_Lane
944,Judith,Jackson,jjacksonq7@prnewswire.com,Judith_Jackson
945,Willie,Gibson,wgibsonq8@reuters.com,Willie_Gibson
946,Carolyn,Berry,cberryq9@ox.ac.uk,Carolyn_Berry
947,Margaret,Kelly,mkellyqa@columbia.edu,Margaret_Kelly
948,Michael,Lopez,mlopezqb@mysql.com,Michael_Lopez
949,Karen,Dunn,kdunnqc@devhub.com,Karen_Dunn
950,Kelly,Peters,kpetersqd@flavors.me,Kelly_Peters
951,Diana,Arnold,darnoldqe@squidoo.com,Diana_Arnold
952,Richard,Medina,rmedinaqf@google.co.jp,Richard_Medina
953,Wanda,White,wwhiteqg@prweb.com,Wanda_White
954,Julia,Willis,jwillisqh@eepurl.com,Julia_Willis
955,Kathleen,Scott,kscottqi@washingtonpost.com,Kathleen_Scott
956,Randy,Hall,rhallqj@cbslocal.com,Randy_Hall
957,Amanda,Cooper,acooperqk@sbwire.com,Amanda_Cooper
958,Gary,White,gwhiteql@google.com.br,Gary_White
959,Laura,Simpson,lsimpsonqm@freewebs.com,Laura_Simpson
960,Jack,Hall,jhallqn@google.de,Jack_Hall
961,Robert,Alvarez,ralvarezqo@google.ca,Robert_Alvarez
962,Henry,Chapman,hchapmanqp@moonfruit.com,Henry_Chapman
963,Diane,Riley,drileyqq@youtu.be,Diane_Riley
964,Daniel,Bennett,dbennettqr@boston.com,Daniel_Bennett
965,Barbara,James,bjamesqs@posterous.com,Barbara_James
966,Patrick,Romero,promeroqt@addthis.com,Patrick_Romero
967,Sara,Hill,shillqu@myspace.com,Sara_Hill
968,Bruce,Reyes,breyesqv@columbia.edu,Bruce_Reyes
969,John,Wilson,jwilsonqw@redcross.org,John_Wilson
970,Gloria,Harper,gharperqx@ebay.com,Gloria_Harper
971,Maria,Rose,mroseqy@yolasite.com,Maria_Rose
972,Anthony,Jordan,ajordanqz@wix.com,Anthony_Jordan
973,Kathryn,Stevens,kstevensr0@etsy.com,Kathryn_Stevens
974,Chris,Burns,cburnsr1@hc360.com,Chris_Burns
975,Alan,Morrison,amorrisonr2@ca.gov,Alan_Morrison
976,Michelle,Duncan,mduncanr3@nymag.com,Michelle_Duncan
977,Richard,Gutierrez,rgutierrezr4@a8.net,Richard_Gutierrez
978,Amanda,King,akingr5@mysql.com,Amanda_King
979,Carol,Flores,cfloresr6@pinterest.com,Carol_Flores
980,Donald,Russell,drussellr7@wunderground.com,Donald_Russell
981,Mark,Walker,mwalkerr8@techcrunch.com,Mark_Walker
982,Kevin,Graham,kgrahamr9@japanpost.jp,Kevin_Graham
983,Helen,Flores,hfloresra@google.it,Helen_Flores
984,Brandon,Simmons,bsimmonsrb@google.nl,Brandon_Simmons
985,Norma,Nguyen,nnguyenrc@hubpages.com,Norma_Nguyen
986,Paul,Sims,psimsrd@1und1.de,Paul_Sims
987,Rachel,Garcia,rgarciare@irs.gov,Rachel_Garcia
988,Jason,Webb,jwebbrf@mozilla.com,Jason_Webb
989,Willie,Bell,wbellrg@gizmodo.com,Willie_Bell
990,Anne,Jones,ajonesrh@parallels.com,Anne_Jones
991,Larry,George,lgeorgeri@about.com,Larry_George
992,Doris,Sullivan,dsullivanrj@addthis.com,Doris_Sullivan
993,Peter,Dunn,pdunnrk@oaic.gov.au,Peter_Dunn
994,Annie,Sims,asimsrl@t.co,Annie_Sims
995,Timothy,Wagner,twagnerrm@naver.com,Timothy_Wagner
996,Jessica,Greene,jgreenern@freewebs.com,Jessica_Greene
997,Paul,Webb,pwebbro@twitpic.com,Paul_Webb
998,Julia,Mason,jmasonrp@prlog.org,Julia_Mason
999,Phyllis,Rivera,priverarq@studiopress.com,Phyllis_Rivera
1000,Clarence,Patterson,cpattersonrr@springer.com,Clarence_Patterson
